url_path,views_total,views_unique
/schorschinho/osprey,95,56
/schorschinho/osprey/issues,29,27
/schorschinho/osprey/commit/e1c5c9021449134dc086b740de257a5d290a9e0b,18,1
/schorschinho/osprey/releases,16,10
/schorschinho/osprey/releases/tag/v.2.9.0,10,8
/schorschinho/osprey/tree/develop/fit/basissets/3T/siemens/mega/press,10,3
/schorschinho/osprey/tree/develop/fit/basissets,9,5
/schorschinho/osprey/tree/develop/fit/basissets/3T/siemens,9,2
/schorschinho/osprey/pulls,6,5
/schorschinho/osprey/discussions,5,3
